[{"model": "authentication.user", "pk": 1, "fields": {"password": "pbkdf2_sha256$320000$prhOejTnQWry5Y3ecUgGe4$sRtE3DR9ouHerL2RwedTdjXfHo+dHh1JKell7sBYa6A=", "last_login": "2022-03-24T17:23:25.745Z", "is_superuser": true, "is_staff": true, "is_active": true, "date_joined": "2022-02-22T07:18:23Z", "first_name": "admin", "last_name": "admin", "email": "admin@admin.com", "phone_number": null, "is_approved": true, "user_type": "SA", "manager_id": null, "profile": "", "groups": [], "user_permissions": []}}, {"model": "authentication.user", "pk": 3, "fields": {"password": "pbkdf2_sha256$320000$hJgBBgmhdbDPhFDTJ8cjR7$q3d9PpZMtJVFj28sGc4XuP8vonzwq4Uqe6oltwYI/lg=", "last_login": "2022-02-22T19:51:49.392Z", "is_superuser": false, "is_staff": false, "is_active": true, "date_joined": "2022-02-22T15:42:40.180Z", "first_name": "Mohit", "last_name": "Swain", "email": "mohit6564@gmail.com", "phone_number": "9439400352", "is_approved": true, "user_type": "SR", "manager_id": null, "profile": "", "groups": [], "user_permissions": []}}, {"model": "authentication.user", "pk": 4, "fields": {"password": "pbkdf2_sha256$320000$QavYb1QGoBA6NCZTEN5hdz$MdP8e9NbGXaF0KVEPR8qETW7v9EJGOaJgV+Xe55pkoI=", "last_login": "2022-03-24T17:27:05.947Z", "is_superuser": false, "is_staff": true, "is_active": true, "date_joined": "2022-02-23T11:57:22.368Z", "first_name": "Mohit", "last_name": "Swain", "email": "swain6564@gmail.com", "phone_number": "9439400352", "is_approved": true, "user_type": "SR", "manager_id": null, "profile": "", "groups": [], "user_permissions": []}}, {"model": "authentication.user", "pk": 5, "fields": {"password": "pbkdf2_sha256$320000$tVM9sTDQgFKzaTBDfPKg6n$nvEtLxa4a7OiXIL6UIHw7A5p1wL/vywpOlxYfxvje8Y=", "last_login": "2022-03-03T11:06:18.503Z", "is_superuser": false, "is_staff": true, "is_active": true, "date_joined": "2022-02-23T18:53:47.390Z", "first_name": "neijaa", "last_name": "neijaa", "email": "neijaa@neijaa.com", "phone_number": "1234", "is_approved": true, "user_type": "SR", "manager_id": null, "profile": "", "groups": [], "user_permissions": []}}, {"model": "authentication.user", "pk": 6, "fields": {"password": "pbkdf2_sha256$320000$e6wzxsgghywdp9Yr9e2Pec$XpnCWpC54om4IdBkU+E6bteriX23Xfyb/fx4AB+udcA=", "last_login": null, "is_superuser": false, "is_staff": false, "is_active": true, "date_joined": "2022-03-11T07:01:09.338Z", "first_name": "User1", "last_name": "User1", "email": "user1@user1.com", "phone_number": null, "is_approved": true, "user_type": "SR", "manager_id": null, "profile": "", "groups": [], "user_permissions": []}}, {"model": "authentication.user", "pk": 7, "fields": {"password": "pbkdf2_sha256$320000$CLbRvV9FOcKEa4VZtMIkhM$5qf5qTizMZTZcl1s0SUZ22oudqxCTRTzvwkeuOdL208=", "last_login": "2022-03-11T07:53:03.747Z", "is_superuser": false, "is_staff": false, "is_active": true, "date_joined": "2022-03-11T07:13:56.967Z", "first_name": "User2", "last_name": "User2", "email": "user2@user2.com", "phone_number": null, "is_approved": false, "user_type": "SR", "manager_id": 1, "profile": "", "groups": [], "user_permissions": []}}, {"model": "authentication.user", "pk": 8, "fields": {"password": "pbkdf2_sha256$320000$thVA9kDc8V8kKm5azXnGtM$UO53ZfV896ZcxRyJxN66S1tjUm1skKk1vSxwpNpXJ6Q=", "last_login": null, "is_superuser": false, "is_staff": false, "is_active": true, "date_joined": "2022-03-11T07:50:44.856Z", "first_name": "User 3", "last_name": "User 3", "email": "user3@user3.com", "phone_number": null, "is_approved": true, "user_type": "SR", "manager_id": null, "profile": "", "groups": [], "user_permissions": []}}, {"model": "authentication.user", "pk": 9, "fields": {"password": "pbkdf2_sha256$320000$tnWoCjJgVS0cMwsy6ve4ae$g3ms5uKmJY/F+1l4V4mkbAfDX0abgapZmeFdGbUS6xI=", "last_login": null, "is_superuser": false, "is_staff": false, "is_active": true, "date_joined": "2022-03-23T14:56:22.259Z", "first_name": "New", "last_name": "User", "email": "new@user.com", "phone_number": "143", "is_approved": false, "user_type": "SR", "manager_id": null, "profile": "", "groups": [], "user_permissions": []}}, {"model": "authentication.user", "pk": 10, "fields": {"password": "pbkdf2_sha256$320000$gRJRTOIM4dYZgAxM5LI1FR$ShUxYV4dv9iUvz57aTlqWhgzPiYe6I5rKoAYXUQ+/xI=", "last_login": null, "is_superuser": false, "is_staff": false, "is_active": true, "date_joined": "2022-03-23T15:03:58.122Z", "first_name": "Sales", "last_name": "Rep1", "email": "sales@rep1.com", "phone_number": "154", "is_approved": false, "user_type": "SR", "manager_id": null, "profile": "", "groups": [], "user_permissions": []}}, {"model": "authentication.user", "pk": 11, "fields": {"password": "pbkdf2_sha256$320000$1nZ0A6zryE1Nbs6ixvzkn7$h16DANfqXUDxavulJ5gy2RIyUrGxKbDJ1l5QCvVwwZA=", "last_login": null, "is_superuser": false, "is_staff": false, "is_active": true, "date_joined": "2022-03-23T15:09:53.104Z", "first_name": "Nishant", "last_name": "Tanwar", "email": "nishant@tanwar.com", "phone_number": null, "is_approved": false, "user_type": "SR", "manager_id": null, "profile": "", "groups": [], "user_permissions": []}}, {"model": "authentication.lead", "pk": 1, "fields": {"created_at": "2022-02-24T06:36:38.861Z", "updated_at": "2022-03-22T19:07:53.622Z", "name": "Mohit Kumar Swain", "email": "swain6564@gmail.com", "phone_number": "9439400353", "state": "HOT", "user_id": 4}}, {"model": "authentication.lead", "pk": 2, "fields": {"created_at": "2022-03-03T11:00:33.617Z", "updated_at": "2022-03-23T19:07:50.094Z", "name": "Lead1", "email": "Lead1@Lead1.com", "phone_number": "1", "state": "MED", "user_id": 4}}, {"model": "authentication.lead", "pk": 3, "fields": {"created_at": "2022-03-03T11:01:07.118Z", "updated_at": "2022-03-23T18:04:44.522Z", "name": "Lead2", "email": "Lead2@Lead2.com", "phone_number": "2", "state": "SUCC", "user_id": 4}}, {"model": "authentication.lead", "pk": 4, "fields": {"created_at": "2022-03-03T11:01:28.101Z", "updated_at": "2022-03-23T21:13:24.045Z", "name": "Lead3", "email": "Lead3@Lead3.com", "phone_number": "3", "state": "MED", "user_id": 4}}, {"model": "authentication.lead", "pk": 5, "fields": {"created_at": "2022-03-03T11:01:55.623Z", "updated_at": "2022-03-23T18:03:03.337Z", "name": "Lead4", "email": "Lead4@Lead4.com", "phone_number": "4", "state": "GREY", "user_id": 4}}, {"model": "authentication.lead", "pk": 6, "fields": {"created_at": "2022-03-03T11:02:16.813Z", "updated_at": "2022-03-22T15:40:16.183Z", "name": "Lead5", "email": "Lead5@Lead5.com", "phone_number": "5", "state": "HOT", "user_id": 4}}, {"model": "authentication.lead", "pk": 7, "fields": {"created_at": "2022-03-03T11:02:37.357Z", "updated_at": "2022-03-23T19:07:41.531Z", "name": "Lead6", "email": "Lead6@Lead6.com", "phone_number": "6", "state": "SUCC", "user_id": 4}}, {"model": "authentication.lead", "pk": 8, "fields": {"created_at": "2022-03-03T11:03:00.972Z", "updated_at": "2022-03-23T21:13:11.776Z", "name": "Lead7", "email": "Lead7@Lead7.com", "phone_number": "7", "state": "GREY", "user_id": 4}}, {"model": "authentication.lead", "pk": 9, "fields": {"created_at": "2022-03-03T11:03:19.563Z", "updated_at": "2022-03-21T19:07:34.417Z", "name": "Lead8", "email": "Lead8@Lead8.com", "phone_number": "8", "state": "SUCC", "user_id": 4}}, {"model": "authentication.lead", "pk": 10, "fields": {"created_at": "2022-03-03T11:03:36.393Z", "updated_at": "2022-03-22T19:07:31.259Z", "name": "Lead9", "email": "Lead9@Lead9.com", "phone_number": "9", "state": "HOT", "user_id": 4}}, {"model": "authentication.lead", "pk": 11, "fields": {"created_at": "2022-03-03T11:04:14.206Z", "updated_at": "2022-03-21T19:07:27.357Z", "name": "Lead10", "email": "Lead10@Lead10.com", "phone_number": "10", "state": "GREY", "user_id": 4}}, {"model": "authentication.lead", "pk": 12, "fields": {"created_at": "2022-03-03T11:05:26.867Z", "updated_at": "2022-03-23T21:13:03.114Z", "name": "Lead11", "email": "Lead11@Lead11.com", "phone_number": "11", "state": "GREY", "user_id": 4}}, {"model": "authentication.lead", "pk": 13, "fields": {"created_at": "2022-03-03T11:05:58.371Z", "updated_at": "2022-03-21T14:15:26.858Z", "name": "Lead12", "email": "Lead12@Lead12.com", "phone_number": "12", "state": "MED", "user_id": 4}}, {"model": "authentication.lead", "pk": 14, "fields": {"created_at": "2022-03-03T11:07:07.412Z", "updated_at": "2022-03-20T16:22:08.747Z", "name": "Lead13", "email": "Lead13@Lead13.com", "phone_number": "13", "state": "HOT", "user_id": 4}}, {"model": "authentication.lead", "pk": 15, "fields": {"created_at": "2022-03-03T11:07:36.490Z", "updated_at": "2022-03-24T08:26:49.254Z", "name": "Lead14", "email": "Lead14@Lead14.com", "phone_number": "14", "state": "HOT", "user_id": 4}}, {"model": "authentication.lead", "pk": 16, "fields": {"created_at": "2022-03-03T18:05:41.497Z", "updated_at": "2022-03-23T21:19:34.590Z", "name": "Lead15", "email": "Lead15@Lead15.com", "phone_number": "15", "state": "HOT", "user_id": 4}}, {"model": "authentication.lead", "pk": 17, "fields": {"created_at": "2022-03-11T07:12:09.544Z", "updated_at": "2022-03-24T07:12:09.544Z", "name": "Lead16", "email": "lead16@lead16.com", "phone_number": "16", "state": "SUCC", "user_id": 6}}, {"model": "authentication.lead", "pk": 18, "fields": {"created_at": "2022-03-11T07:12:38.890Z", "updated_at": "2022-03-22T07:12:38.890Z", "name": "lead17", "email": "lead17@lead17.com", "phone_number": "17", "state": "SUCC", "user_id": 6}}, {"model": "authentication.lead", "pk": 19, "fields": {"created_at": "2022-03-11T07:13:13.097Z", "updated_at": "2022-03-24T07:13:13.097Z", "name": "lead18", "email": "lead18@lead18.com", "phone_number": "18", "state": "SUCC", "user_id": 6}}, {"model": "authentication.lead", "pk": 20, "fields": {"created_at": "2022-03-11T07:51:42.619Z", "updated_at": "2022-03-24T07:51:42.619Z", "name": "lead 19", "email": "Lead19@Lead19.com", "phone_number": "19", "state": "SUCC", "user_id": 7}}, {"model": "authentication.lead", "pk": 21, "fields": {"created_at": "2022-03-11T07:52:15.160Z", "updated_at": "2022-03-21T07:52:15.160Z", "name": "lead20", "email": "lead20@lead20.com", "phone_number": "20", "state": "SUCC", "user_id": 7}}, {"model": "authentication.lead", "pk": 22, "fields": {"created_at": "2022-03-11T07:52:40.336Z", "updated_at": "2022-03-19T07:52:40.336Z", "name": "lead 21", "email": "lead21@lead21.com", "phone_number": "21", "state": "SUCC", "user_id": 8}}, {"model": "authentication.lead", "pk": 23, "fields": {"created_at": "2022-03-23T14:57:10.228Z", "updated_at": "2022-03-18T14:57:10.228Z", "name": "new lead", "email": "new@lead.com", "phone_number": "145", "state": "SUCC", "user_id": 9}}, {"model": "authentication.lead", "pk": 24, "fields": {"created_at": "2022-03-23T14:58:01.010Z", "updated_at": "2022-03-18T14:58:01.010Z", "name": "new lead2", "email": "new@lead2.com", "phone_number": "132", "state": "SUCC", "user_id": 9}}, {"model": "authentication.lead", "pk": 25, "fields": {"created_at": "2022-03-23T14:58:46.300Z", "updated_at": "2022-03-24T14:58:46.300Z", "name": "new lead", "email": "new@lead3.com", "phone_number": "156", "state": "GREY", "user_id": 9}}, {"model": "authentication.lead", "pk": 26, "fields": {"created_at": "2022-03-23T15:08:10.094Z", "updated_at": "2022-03-19T15:08:10.094Z", "name": "new lead2", "email": "new@lead6.com", "phone_number": "6564", "state": "SUCC", "user_id": 10}}, {"model": "authentication.remark", "pk": 1, "fields": {"created_at": "2022-03-06T18:42:12.399Z", "remark": "good", "lead_id": 1, "user_id": 4}}, {"model": "authentication.remark", "pk": 2, "fields": {"created_at": "2022-03-07T09:33:03.746Z", "remark": "another remark which is significantly long and detailed", "lead_id": 1, "user_id": 4}}, {"model": "authentication.remark", "pk": 3, "fields": {"created_at": "2022-03-07T09:33:40.771Z", "remark": "this is the reminder that we need to call him and offer him a deal that he can't refuse", "lead_id": 1, "user_id": 4}}, {"model": "authentication.remark", "pk": 4, "fields": {"created_at": "2022-03-07T09:42:14.605Z", "remark": "another one", "lead_id": 1, "user_id": 4}}, {"model": "authentication.remark", "pk": 5, "fields": {"created_at": "2022-03-07T12:57:23.537Z", "remark": "My first Lead1 remark", "lead_id": 2, "user_id": 4}}, {"model": "authentication.remark", "pk": 6, "fields": {"created_at": "2022-03-07T12:59:51.475Z", "remark": "Adding one remark from the web", "lead_id": 1, "user_id": 4}}, {"model": "authentication.remark", "pk": 7, "fields": {"created_at": "2022-03-23T19:08:31.324Z", "remark": "Success", "lead_id": 16, "user_id": 4}}]